acc	p_1	f_1	r_1
0.9792259287992414	0.8507718696397941	0.8045417680454177	0.7630769230769231
