acc	p_1	f_1	r_1
0.9819843116972675	0.8795180722891566	0.8302193338748984	0.7861538461538462
