acc	p_1	f_1	r_1
0.9770709421601587	0.8416370106761566	0.7805280528052806	0.7276923076923076
