acc	p_1	f_1	r_1
0.9776743384191018	0.84	0.7885714285714285	0.7430769230769231
