acc	p_1	f_1	r_1
0.9743548125304333	0.8795518207282913	0.8563636363636363	0.8343666961913198
