acc	p_1	f_1	r_1
0.9771934096258421	0.8941504178272981	0.8726778432260989	0.852212389380531
