acc	p_1	f_1	r_1
0.9690771852934015	0.8299559471365638	0.8317880794701987	0.8336283185840708
