acc	p_1	f_1	r_1
0.9784125953578965	0.9074598677998111	0.8784277879341864	0.8511957484499557
