acc	p_1	f_1	r_1
0.9755721473786723	0.8812154696132597	0.8641083521444696	0.8476527900797166
