acc	p_1	f_1	r_1
0.9811223170416343	0.869639794168096	0.8223844282238443	0.78
38461538461539
