acc	p_1	f_1	r_1
0.9815533143694509	0.8745704467353952	0.8262987012987012	0.7830769230769231
