acc	p_1	f_1	r_1
0.9811223170416343	0.8868940754039497	0.8185584092792045	0.76
