acc	p_1	f_1	r_1
0.9821567106283942	0.85553772070626	0.8373919874312648	0.82
