acc	p_1	f_1	r_1
0.9772433410912852	0.8385964912280702	0.7836065573770493	0.7353846153846154
