acc	p_1	f_1	r_1
0.9803465218515646	0.8625429553264605	0.814935064935065	0.7723076923076924
