acc	p_1	f_1	r_1
0.9798293250581847	0.8623693379790941	0.8088235294117646	0.7615384615384615
