acc	p_1	f_1	r_1
0.9762089475045255	0.8363309352517986	0.7711442786069652	0.7153846153846154
