acc	p_1	f_1	r_1
0.9822429100939574	0.8867595818815331	0.8316993464052287	0.7830769230769231
