acc	p_1	f_1	r_1
0.9802603223860012	0.896421845574388	0.8060965283657917	0.7323076923076923
