acc	p_1	f_1	r_1
0.9814671149038876	0.8717948717948718	0.8259109311740892	0.7846153846153846
