acc	p_1	f_1	r_1
0.9758641496422722	0.8200692041522492	0.7719869706840391	0.7292307692307692
