acc	p_1	f_1	r_1
0.9791397293336781	0.8736263736263736	0.7976588628762541	0.7338461538461538
