acc	p_1	f_1	r_1
0.9755193517800189	0.8388888888888889	0.7613445378151261	0.696923076923077
