acc	p_1	f_1	r_1
0.9803465218515646	0.874113475177305	0.8121911037891267	0.7584615384615384
