acc	p_1	f_1	r_1
0.9823291095595207	0.9038112522686026	0.829308909242298	0.7661538461538462
