acc	p_1	f_1	r_1
0.9804327213171279	0.8756660746003553	0.8128606760098929	0.7584615384615384
