acc	p_1	f_1	r_1
0.9748397045694343	0.8919694072657743	0.8575367647058824	0.8256637168141593
