acc	p_1	f_1	r_1
0.9787354922490058	0.8996316758747698	0.881768953068592	0.8646017699115044
