acc	p_1	f_1	r_1
0.9773557341124909	0.889295516925892	0.874493927125506	0.8601769911504424
