acc	p_1	f_1	r_1
0.97143320889466	0.8620689655172413	0.8401453224341507	0.8193091231178034
