acc	p_1	f_1	r_1
0.9718389871774062	0.8654205607476636	0.8422010004547521	0.8201948627103631
