acc	p_1	f_1	r_1
0.9771934096258421	0.9165848871442591	0.8692415076779897	0.8265486725663717
