acc	p_1	f_1	r_1
0.9787354922490058	0.896709323583181	0.8821942446043165	0.868141592920354
