acc	p_1	f_1	r_1
0.9780050320590861	0.9063386944181646	0.8760859625057156	0.8477876106194691
