acc	p_1	f_1	r_1
0.9941210528659867	0.8411633109619687	0.8506787330316742	0.8604118993135011
0.9917007794538215	0.8580246913580247	0.8492871690427699	0.8407258064516129
0.9930823117338003	0.8617021276595744	0.8367768595041322	0.8132530120481928
